PRAGMA foreign_keys=OFF;
BEGIN TRANSACTION;
CREATE TABLE IF NOT EXISTS "django_migrations" ("id" integer NOT NULL PRIMARY KEY AUTOINCREMENT, "app" varchar(255) NOT NULL, "name" varchar(255) NOT NULL, "applied" datetime NOT NULL);
INSERT INTO django_migrations VALUES(1,'contenttypes','0001_initial','2024-04-11 20:26:46.879472');
INSERT INTO django_migrations VALUES(2,'auth','0001_initial','2024-04-11 20:26:46.886918');
INSERT INTO django_migrations VALUES(3,'admin','0001_initial','2024-04-11 20:26:46.892142');
INSERT INTO django_migrations VALUES(4,'admin','0002_logentry_remove_auto_add','2024-04-11 20:26:46.898875');
INSERT INTO django_migrations VALUES(5,'admin','0003_logentry_add_action_flag_choices','2024-04-11 20:26:46.902866');
INSERT INTO django_migrations VALUES(6,'contenttypes','0002_remove_content_type_name','2024-04-11 20:26:46.913058');
INSERT INTO django_migrations VALUES(7,'auth','0002_alter_permission_name_max_length','2024-04-11 20:26:46.918475');
INSERT INTO django_migrations VALUES(8,'auth','0003_alter_user_email_max_length','2024-04-11 20:26:46.924136');
INSERT INTO django_migrations VALUES(9,'auth','0004_alter_user_username_opts','2024-04-11 20:26:46.928244');
INSERT INTO django_migrations VALUES(10,'auth','0005_alter_user_last_login_null','2024-04-11 20:26:46.934472');
INSERT INTO django_migrations VALUES(11,'auth','0006_require_contenttypes_0002','2024-04-11 20:26:46.935262');
INSERT INTO django_migrations VALUES(12,'auth','0007_alter_validators_add_error_messages','2024-04-11 20:26:46.939225');
INSERT INTO django_migrations VALUES(13,'auth','0008_alter_user_username_max_length','2024-04-11 20:26:46.945195');
INSERT INTO django_migrations VALUES(14,'auth','0009_alter_user_last_name_max_length','2024-04-11 20:26:46.951784');
INSERT INTO django_migrations VALUES(15,'auth','0010_alter_group_name_max_length','2024-04-11 20:26:46.956832');
INSERT INTO django_migrations VALUES(16,'auth','0011_update_proxy_permissions','2024-04-11 20:26:46.960267');
INSERT INTO django_migrations VALUES(17,'auth','0012_alter_user_first_name_max_length','2024-04-11 20:26:46.965334');
INSERT INTO django_migrations VALUES(18,'sessions','0001_initial','2024-04-11 20:26:46.967188');
INSERT INTO django_migrations VALUES(19,'BobcatConApp','0001_initial','2024-04-13 02:47:53.989552');
INSERT INTO django_migrations VALUES(20,'BobcatConApp','0002_roommate','2024-04-13 17:18:55.192636');
INSERT INTO django_migrations VALUES(21,'BobcatConApp','0003_textbooks','2024-04-25 20:22:06.760919');
INSERT INTO django_migrations VALUES(22,'BobcatConApp','0004_textbook_delete_textbooks','2024-04-25 20:22:53.349595');
INSERT INTO django_migrations VALUES(23,'BobcatConApp','0005_creditcards_textbook_image_url_textbook_price','2024-05-01 06:08:06.050154');
INSERT INTO django_migrations VALUES(24,'BobcatConApp','0006_loginperson','2024-05-01 15:37:46.157124');
INSERT INTO django_migrations VALUES(25,'BobcatConApp','0007_mealplanpurchasehistory_textbookpurchasehistory','2024-05-02 06:09:06.621776');
CREATE TABLE IF NOT EXISTS "auth_group_permissions" ("id" integer NOT NULL PRIMARY KEY AUTOINCREMENT, "group_id" integer NOT NULL REFERENCES "auth_group" ("id") DEFERRABLE INITIALLY DEFERRED, "permission_id" integer NOT NULL REFERENCES "auth_permission" ("id") DEFERRABLE INITIALLY DEFERRED);
CREATE TABLE IF NOT EXISTS "auth_user_groups" ("id" integer NOT NULL PRIMARY KEY AUTOINCREMENT, "user_id" integer NOT NULL REFERENCES "auth_user" ("id") DEFERRABLE INITIALLY DEFERRED, "group_id" integer NOT NULL REFERENCES "auth_group" ("id") DEFERRABLE INITIALLY DEFERRED);
CREATE TABLE IF NOT EXISTS "auth_user_user_permissions" ("id" integer NOT NULL PRIMARY KEY AUTOINCREMENT, "user_id" integer NOT NULL REFERENCES "auth_user" ("id") DEFERRABLE INITIALLY DEFERRED, "permission_id" integer NOT NULL REFERENCES "auth_permission" ("id") DEFERRABLE INITIALLY DEFERRED);
CREATE TABLE IF NOT EXISTS "django_admin_log" ("id" integer NOT NULL PRIMARY KEY AUTOINCREMENT, "object_id" text NULL, "object_repr" varchar(200) NOT NULL, "action_flag" smallint unsigned NOT NULL CHECK ("action_flag" >= 0), "change_message" text NOT NULL, "content_type_id" integer NULL REFERENCES "django_content_type" ("id") DEFERRABLE INITIALLY DEFERRED, "user_id" integer NOT NULL REFERENCES "auth_user" ("id") DEFERRABLE INITIALLY DEFERRED, "action_time" datetime NOT NULL);
INSERT INTO django_admin_log VALUES(1,'1','Computer Science',1,'[{"added": {}}]',9,1,'2024-04-13 04:24:13.492515');
INSERT INTO django_admin_log VALUES(2,'2','Accounting',1,'[{"added": {}}]',9,1,'2024-04-13 04:24:47.264483');
INSERT INTO django_admin_log VALUES(3,'3','Agriculture',1,'[{"added": {}}]',9,1,'2024-04-13 04:25:06.906503');
INSERT INTO django_admin_log VALUES(4,'4','Anthropology',1,'[{"added": {}}]',9,1,'2024-04-13 04:25:28.241358');
INSERT INTO django_admin_log VALUES(5,'5','Aquatic Resources',1,'[{"added": {}}]',9,1,'2024-04-13 04:25:48.706091');
INSERT INTO django_admin_log VALUES(6,'6','Athletic Training',1,'[{"added": {}}]',9,1,'2024-04-13 04:26:03.600197');
INSERT INTO django_admin_log VALUES(7,'7','Biochemistry',1,'[{"added": {}}]',9,1,'2024-04-13 04:26:15.593292');
INSERT INTO django_admin_log VALUES(8,'8','Biology',1,'[{"added": {}}]',9,1,'2024-04-13 04:26:27.587416');
INSERT INTO django_admin_log VALUES(9,'9','Business Administration (M.B.A.)',1,'[{"added": {}}]',9,1,'2024-04-13 04:26:49.567600');
INSERT INTO django_admin_log VALUES(10,'10','Chemistry (M.A./M.S.)',1,'[{"added": {}}]',9,1,'2024-04-13 04:27:02.987358');
INSERT INTO django_admin_log VALUES(11,'11','Communication Design',1,'[{"added": {}}]',9,1,'2024-04-13 04:27:13.893005');
INSERT INTO django_admin_log VALUES(12,'12','Communication Studies',1,'[{"added": {}}]',9,1,'2024-04-13 04:27:30.392137');
INSERT INTO django_admin_log VALUES(13,'13','Computer Science',1,'[{"added": {}}]',9,1,'2024-04-13 04:28:02.484947');
INSERT INTO django_admin_log VALUES(14,'14','Construction Management',1,'[{"added": {}}]',9,1,'2024-04-13 04:28:15.515010');
INSERT INTO django_admin_log VALUES(15,'15','Criminal Justice',1,'[{"added": {}}]',9,1,'2024-04-13 04:28:27.814191');
INSERT INTO django_admin_log VALUES(16,'16','Data Analytics and Information Systems',1,'[{"added": {}}]',9,1,'2024-04-13 04:28:43.863990');
INSERT INTO django_admin_log VALUES(17,'17','Developmental Education',1,'[{"added": {}}]',9,1,'2024-04-13 04:28:56.252109');
INSERT INTO django_admin_log VALUES(18,'18','Engineering Management',1,'[{"added": {}}]',9,1,'2024-04-13 04:29:15.437746');
INSERT INTO django_admin_log VALUES(19,'19','Geographic Education',1,'[{"added": {}}]',9,1,'2024-04-13 04:29:29.228778');
INSERT INTO django_admin_log VALUES(20,'20','Geography',1,'[{"added": {}}]',9,1,'2024-04-13 04:29:45.482349');
INSERT INTO django_admin_log VALUES(21,'21','Health Information Management',1,'[{"added": {}}]',9,1,'2024-04-13 04:29:58.079282');
INSERT INTO django_admin_log VALUES(22,'22','History',1,'[{"added": {}}]',9,1,'2024-04-13 04:30:13.706679');
INSERT INTO django_admin_log VALUES(23,'23','Human Development and Family Sciences',1,'[{"added": {}}]',9,1,'2024-04-13 04:30:33.786221');
INSERT INTO django_admin_log VALUES(24,'24','Intelligence Analysis',1,'[{"added": {}}]',9,1,'2024-04-13 04:30:47.745033');
INSERT INTO django_admin_log VALUES(25,'25','Interdisciplinary Studies',1,'[{"added": {}}]',9,1,'2024-04-13 04:30:58.920497');
INSERT INTO django_admin_log VALUES(26,'26','International Studies',1,'[{"added": {}}]',9,1,'2024-04-13 04:31:10.513659');
INSERT INTO django_admin_log VALUES(27,'27','Legal Studies',1,'[{"added": {}}]',9,1,'2024-04-13 04:31:21.281774');
INSERT INTO django_admin_log VALUES(28,'28','Literature',1,'[{"added": {}}]',9,1,'2024-04-13 04:31:33.130847');
INSERT INTO django_admin_log VALUES(29,'29','Marketing Research and Analysis',1,'[{"added": {}}]',9,1,'2024-04-13 04:31:52.757886');
INSERT INTO django_admin_log VALUES(30,'30','Mass Communication',1,'[{"added": {}}]',9,1,'2024-04-13 04:32:04.156998');
INSERT INTO django_admin_log VALUES(31,'31','Materials Science, Engineering, and Commercialization',1,'[{"added": {}}]',9,1,'2024-04-13 04:32:19.836465');
INSERT INTO django_admin_log VALUES(32,'32','Mathematics',1,'[{"added": {}}]',9,1,'2024-04-13 04:32:31.157623');
INSERT INTO django_admin_log VALUES(33,'33','Music',1,'[{"added": {}}]',9,1,'2024-04-13 04:32:42.006846');
INSERT INTO django_admin_log VALUES(34,'34','Natural Resources & Environmental Studies',1,'[{"added": {}}]',9,1,'2024-04-13 04:33:00.836968');
INSERT INTO django_admin_log VALUES(35,'35','Nursing',1,'[{"added": {}}]',9,1,'2024-04-13 04:33:15.644534');
INSERT INTO django_admin_log VALUES(36,'36','Nutrition',1,'[{"added": {}}]',9,1,'2024-04-13 04:33:26.893015');
INSERT INTO django_admin_log VALUES(37,'37','Philosophy',1,'[{"added": {}}]',9,1,'2024-04-13 04:33:44.112394');
INSERT INTO django_admin_log VALUES(38,'38','Physical Therapy',1,'[{"added": {}}]',9,1,'2024-04-13 04:33:55.671172');
INSERT INTO django_admin_log VALUES(39,'39','Physics',1,'[{"added": {}}]',9,1,'2024-04-13 04:34:06.810674');
INSERT INTO django_admin_log VALUES(40,'40','Political Science',1,'[{"added": {}}]',9,1,'2024-04-13 04:34:18.236921');
INSERT INTO django_admin_log VALUES(41,'41','Psychological Research',1,'[{"added": {}}]',9,1,'2024-04-13 04:34:32.801773');
INSERT INTO django_admin_log VALUES(42,'42','Public Administration',1,'[{"added": {}}]',9,1,'2024-04-13 04:34:43.001681');
INSERT INTO django_admin_log VALUES(43,'43','School Psychology',1,'[{"added": {}}]',9,1,'2024-04-13 04:35:00.050491');
INSERT INTO django_admin_log VALUES(44,'44','Sociology',1,'[{"added": {}}]',9,1,'2024-04-13 04:35:17.584383');
INSERT INTO django_admin_log VALUES(45,'45','Spanish',1,'[{"added": {}}]',9,1,'2024-04-13 04:35:29.364739');
INSERT INTO django_admin_log VALUES(46,'46','Technical Communication',1,'[{"added": {}}]',9,1,'2024-04-13 04:35:44.909735');
INSERT INTO django_admin_log VALUES(47,'47','Theatre',1,'[{"added": {}}]',9,1,'2024-04-13 04:35:56.009542');
INSERT INTO django_admin_log VALUES(48,'48','Wildlife Ecology',1,'[{"added": {}}]',9,1,'2024-04-13 04:36:09.378116');
INSERT INTO django_admin_log VALUES(49,'1','Faculty object (1)',1,'[{"added": {}}]',8,1,'2024-04-13 04:54:30.107995');
INSERT INTO django_admin_log VALUES(50,'2','Faculty object (2)',1,'[{"added": {}}]',8,1,'2024-04-13 04:55:24.835298');
INSERT INTO django_admin_log VALUES(51,'3','Faculty object (3)',1,'[{"added": {}}]',8,1,'2024-04-13 04:56:15.341348');
INSERT INTO django_admin_log VALUES(52,'4','Faculty object (4)',1,'[{"added": {}}]',8,1,'2024-04-13 04:57:13.263695');
INSERT INTO django_admin_log VALUES(53,'5','Faculty object (5)',1,'[{"added": {}}]',8,1,'2024-04-13 04:58:54.492748');
INSERT INTO django_admin_log VALUES(54,'6','Faculty object (6)',1,'[{"added": {}}]',8,1,'2024-04-13 04:59:44.713436');
INSERT INTO django_admin_log VALUES(55,'7','Faculty object (7)',1,'[{"added": {}}]',8,1,'2024-04-13 05:00:28.339656');
INSERT INTO django_admin_log VALUES(56,'8','Faculty object (8)',1,'[{"added": {}}]',8,1,'2024-04-13 05:01:27.409964');
INSERT INTO django_admin_log VALUES(57,'9','Faculty object (9)',1,'[{"added": {}}]',8,1,'2024-04-13 05:02:34.242880');
INSERT INTO django_admin_log VALUES(58,'10','Faculty object (10)',1,'[{"added": {}}]',8,1,'2024-04-13 05:03:09.617330');
INSERT INTO django_admin_log VALUES(59,'1','Student object (1)',1,'[{"added": {}}]',7,1,'2024-04-13 05:05:31.110154');
INSERT INTO django_admin_log VALUES(60,'2','Student object (2)',1,'[{"added": {}}]',7,1,'2024-04-13 05:06:11.497561');
INSERT INTO django_admin_log VALUES(61,'3','Student object (3)',1,'[{"added": {}}]',7,1,'2024-04-13 05:06:46.509815');
INSERT INTO django_admin_log VALUES(62,'4','Student object (4)',1,'[{"added": {}}]',7,1,'2024-04-13 05:07:13.940158');
INSERT INTO django_admin_log VALUES(63,'5','Student object (5)',1,'[{"added": {}}]',7,1,'2024-04-13 05:07:44.454383');
INSERT INTO django_admin_log VALUES(64,'6','Student object (6)',1,'[{"added": {}}]',7,1,'2024-04-13 05:08:09.390819');
INSERT INTO django_admin_log VALUES(65,'7','Student object (7)',1,'[{"added": {}}]',7,1,'2024-04-13 05:08:23.204278');
INSERT INTO django_admin_log VALUES(66,'8','Student object (8)',1,'[{"added": {}}]',7,1,'2024-04-13 05:09:28.348571');
INSERT INTO django_admin_log VALUES(67,'9','Student object (9)',1,'[{"added": {}}]',7,1,'2024-04-13 05:10:04.207101');
INSERT INTO django_admin_log VALUES(68,'10','Student object (10)',1,'[{"added": {}}]',7,1,'2024-04-13 05:10:34.310187');
INSERT INTO django_admin_log VALUES(69,'1','Jaya Sravani Kuruvella',1,'[{"added": {}}]',10,1,'2024-04-13 17:29:26.459167');
INSERT INTO django_admin_log VALUES(70,'2','Garret Harris Faber',1,'[{"added": {}}]',10,1,'2024-04-13 17:29:45.497645');
INSERT INTO django_admin_log VALUES(71,'3','Prasanna Lakshmi Dittakavi',1,'[{"added": {}}]',10,1,'2024-04-13 17:32:20.770763');
INSERT INTO django_admin_log VALUES(72,'4','Yuanyuan Zhu',1,'[{"added": {}}]',10,1,'2024-04-13 17:32:39.614083');
INSERT INTO django_admin_log VALUES(73,'5','Akshitha Addagatla',1,'[{"added": {}}]',10,1,'2024-04-13 17:33:00.694089');
INSERT INTO django_admin_log VALUES(74,'6','Ajay Bethireddy',1,'[{"added": {}}]',10,1,'2024-04-13 17:33:33.632129');
INSERT INTO django_admin_log VALUES(75,'1','Textbook object (1)',1,'[{"added": {}}]',12,1,'2024-04-25 20:42:52.186146');
INSERT INTO django_admin_log VALUES(76,'2','Textbook object (2)',1,'[{"added": {}}]',12,1,'2024-04-25 20:43:32.325338');
INSERT INTO django_admin_log VALUES(77,'3','Textbook object (3)',1,'[{"added": {}}]',12,1,'2024-04-25 20:44:57.623615');
INSERT INTO django_admin_log VALUES(78,'4','Textbook object (4)',1,'[{"added": {}}]',12,1,'2024-04-25 20:46:22.174852');
INSERT INTO django_admin_log VALUES(79,'5','Textbook object (5)',1,'[{"added": {}}]',12,1,'2024-04-25 20:52:58.954492');
INSERT INTO django_admin_log VALUES(80,'6','Textbook object (6)',1,'[{"added": {}}]',12,1,'2024-04-25 20:53:36.172406');
INSERT INTO django_admin_log VALUES(81,'7','Textbook object (7)',1,'[{"added": {}}]',12,1,'2024-04-25 20:54:53.643033');
INSERT INTO django_admin_log VALUES(82,'8','Textbook object (8)',1,'[{"added": {}}]',12,1,'2024-04-25 20:56:50.667858');
INSERT INTO django_admin_log VALUES(83,'9','Textbook object (9)',1,'[{"added": {}}]',12,1,'2024-04-25 20:57:32.375700');
INSERT INTO django_admin_log VALUES(84,'10','Textbook object (10)',1,'[{"added": {}}]',12,1,'2024-04-25 20:58:06.323475');
CREATE TABLE IF NOT EXISTS "django_content_type" ("id" integer NOT NULL PRIMARY KEY AUTOINCREMENT, "app_label" varchar(100) NOT NULL, "model" varchar(100) NOT NULL);
INSERT INTO django_content_type VALUES(1,'admin','logentry');
INSERT INTO django_content_type VALUES(2,'auth','permission');
INSERT INTO django_content_type VALUES(3,'auth','group');
INSERT INTO django_content_type VALUES(4,'auth','user');
INSERT INTO django_content_type VALUES(5,'contenttypes','contenttype');
INSERT INTO django_content_type VALUES(6,'sessions','session');
INSERT INTO django_content_type VALUES(7,'BobcatConApp','student');
INSERT INTO django_content_type VALUES(8,'BobcatConApp','faculty');
INSERT INTO django_content_type VALUES(9,'BobcatConApp','department');
INSERT INTO django_content_type VALUES(10,'BobcatConApp','roommate');
INSERT INTO django_content_type VALUES(11,'BobcatConApp','textbooks');
INSERT INTO django_content_type VALUES(12,'BobcatConApp','textbook');
INSERT INTO django_content_type VALUES(13,'BobcatConApp','creditcards');
INSERT INTO django_content_type VALUES(14,'BobcatConApp','loginperson');
INSERT INTO django_content_type VALUES(15,'BobcatConApp','textbookpurchasehistory');
INSERT INTO django_content_type VALUES(16,'BobcatConApp','mealplanpurchasehistory');
CREATE TABLE IF NOT EXISTS "auth_permission" ("id" integer NOT NULL PRIMARY KEY AUTOINCREMENT, "content_type_id" integer NOT NULL REFERENCES "django_content_type" ("id") DEFERRABLE INITIALLY DEFERRED, "codename" varchar(100) NOT NULL, "name" varchar(255) NOT NULL);
INSERT INTO auth_permission VALUES(1,1,'add_logentry','Can add log entry');
INSERT INTO auth_permission VALUES(2,1,'change_logentry','Can change log entry');
INSERT INTO auth_permission VALUES(3,1,'delete_logentry','Can delete log entry');
INSERT INTO auth_permission VALUES(4,1,'view_logentry','Can view log entry');
INSERT INTO auth_permission VALUES(5,2,'add_permission','Can add permission');
INSERT INTO auth_permission VALUES(6,2,'change_permission','Can change permission');
INSERT INTO auth_permission VALUES(7,2,'delete_permission','Can delete permission');
INSERT INTO auth_permission VALUES(8,2,'view_permission','Can view permission');
INSERT INTO auth_permission VALUES(9,3,'add_group','Can add group');
INSERT INTO auth_permission VALUES(10,3,'change_group','Can change group');
INSERT INTO auth_permission VALUES(11,3,'delete_group','Can delete group');
INSERT INTO auth_permission VALUES(12,3,'view_group','Can view group');
INSERT INTO auth_permission VALUES(13,4,'add_user','Can add user');
INSERT INTO auth_permission VALUES(14,4,'change_user','Can change user');
INSERT INTO auth_permission VALUES(15,4,'delete_user','Can delete user');
INSERT INTO auth_permission VALUES(16,4,'view_user','Can view user');
INSERT INTO auth_permission VALUES(17,5,'add_contenttype','Can add content type');
INSERT INTO auth_permission VALUES(18,5,'change_contenttype','Can change content type');
INSERT INTO auth_permission VALUES(19,5,'delete_contenttype','Can delete content type');
INSERT INTO auth_permission VALUES(20,5,'view_contenttype','Can view content type');
INSERT INTO auth_permission VALUES(21,6,'add_session','Can add session');
INSERT INTO auth_permission VALUES(22,6,'change_session','Can change session');
INSERT INTO auth_permission VALUES(23,6,'delete_session','Can delete session');
INSERT INTO auth_permission VALUES(24,6,'view_session','Can view session');
INSERT INTO auth_permission VALUES(25,7,'add_student','Can add student');
INSERT INTO auth_permission VALUES(26,7,'change_student','Can change student');
INSERT INTO auth_permission VALUES(27,7,'delete_student','Can delete student');
INSERT INTO auth_permission VALUES(28,7,'view_student','Can view student');
INSERT INTO auth_permission VALUES(29,8,'add_faculty','Can add faculty');
INSERT INTO auth_permission VALUES(30,8,'change_faculty','Can change faculty');
INSERT INTO auth_permission VALUES(31,8,'delete_faculty','Can delete faculty');
INSERT INTO auth_permission VALUES(32,8,'view_faculty','Can view faculty');
INSERT INTO auth_permission VALUES(33,9,'add_department','Can add department');
INSERT INTO auth_permission VALUES(34,9,'change_department','Can change department');
INSERT INTO auth_permission VALUES(35,9,'delete_department','Can delete department');
INSERT INTO auth_permission VALUES(36,9,'view_department','Can view department');
INSERT INTO auth_permission VALUES(37,10,'add_roommate','Can add roommate');
INSERT INTO auth_permission VALUES(38,10,'change_roommate','Can change roommate');
INSERT INTO auth_permission VALUES(39,10,'delete_roommate','Can delete roommate');
INSERT INTO auth_permission VALUES(40,10,'view_roommate','Can view roommate');
INSERT INTO auth_permission VALUES(41,11,'add_textbooks','Can add textbooks');
INSERT INTO auth_permission VALUES(42,11,'change_textbooks','Can change textbooks');
INSERT INTO auth_permission VALUES(43,11,'delete_textbooks','Can delete textbooks');
INSERT INTO auth_permission VALUES(44,11,'view_textbooks','Can view textbooks');
INSERT INTO auth_permission VALUES(45,12,'add_textbook','Can add textbook');
INSERT INTO auth_permission VALUES(46,12,'change_textbook','Can change textbook');
INSERT INTO auth_permission VALUES(47,12,'delete_textbook','Can delete textbook');
INSERT INTO auth_permission VALUES(48,12,'view_textbook','Can view textbook');
INSERT INTO auth_permission VALUES(49,13,'add_creditcards','Can add credit cards');
INSERT INTO auth_permission VALUES(50,13,'change_creditcards','Can change credit cards');
INSERT INTO auth_permission VALUES(51,13,'delete_creditcards','Can delete credit cards');
INSERT INTO auth_permission VALUES(52,13,'view_creditcards','Can view credit cards');
INSERT INTO auth_permission VALUES(53,14,'add_loginperson','Can add login person');
INSERT INTO auth_permission VALUES(54,14,'change_loginperson','Can change login person');
INSERT INTO auth_permission VALUES(55,14,'delete_loginperson','Can delete login person');
INSERT INTO auth_permission VALUES(56,14,'view_loginperson','Can view login person');
INSERT INTO auth_permission VALUES(57,15,'add_textbookpurchasehistory','Can add textbook purchase history');
INSERT INTO auth_permission VALUES(58,15,'change_textbookpurchasehistory','Can change textbook purchase history');
INSERT INTO auth_permission VALUES(59,15,'delete_textbookpurchasehistory','Can delete textbook purchase history');
INSERT INTO auth_permission VALUES(60,15,'view_textbookpurchasehistory','Can view textbook purchase history');
INSERT INTO auth_permission VALUES(61,16,'add_mealplanpurchasehistory','Can add mealplan purchase history');
INSERT INTO auth_permission VALUES(62,16,'change_mealplanpurchasehistory','Can change mealplan purchase history');
INSERT INTO auth_permission VALUES(63,16,'delete_mealplanpurchasehistory','Can delete mealplan purchase history');
INSERT INTO auth_permission VALUES(64,16,'view_mealplanpurchasehistory','Can view mealplan purchase history');
CREATE TABLE IF NOT EXISTS "auth_group" ("id" integer NOT NULL PRIMARY KEY AUTOINCREMENT, "name" varchar(150) NOT NULL UNIQUE);
CREATE TABLE IF NOT EXISTS "auth_user" ("id" integer NOT NULL PRIMARY KEY AUTOINCREMENT, "password" varchar(128) NOT NULL, "last_login" datetime NULL, "is_superuser" bool NOT NULL, "username" varchar(150) NOT NULL UNIQUE, "last_name" varchar(150) NOT NULL, "email" varchar(254) NOT NULL, "is_staff" bool NOT NULL, "is_active" bool NOT NULL, "date_joined" datetime NOT NULL, "first_name" varchar(150) NOT NULL);
INSERT INTO auth_user VALUES(1,'pbkdf2_sha256$600000$iM1lLKymvaZDS4k46HIbaw$5MFhuLLmXV373a6b4IgQO2PIgn91h5lgkFf2py33pfg=','2024-04-25 20:30:06.111817',1,'jaya','','yxv11@txstate.edu',1,1,'2024-04-13 03:13:49.722961','');
INSERT INTO auth_user VALUES(3,'pbkdf2_sha256$600000$zyUZuaI6QFRAl4ewiOVbKR$TVPdBAw767KXpazBioESNvf+r0l9RRrnxWyJ1oQvWWA=','2024-05-02 04:29:15.799992',1,'yuanyuan','','yz09844@gmail.com',1,1,'2024-05-02 04:27:39.761359','');
INSERT INTO auth_user VALUES(4,'pbkdf2_sha256$600000$3ccFTOJD26jM0TlIwvvoM8$G4yEhv4RWPzljM+IgTjusK81acX4TaZ33o7klATzyRA=','2024-05-02 04:42:30.979606',0,'BobAus','Austin','yz123@gmail.com',0,1,'2024-05-02 04:31:59.723526','Bobcat');
INSERT INTO auth_user VALUES(5,'pbkdf2_sha256$720000$nUURklkf2PGJwktwhLCfsl$qeMhYu76opZbId6hf5cwWYfrcVNVwCk0eUxGFac5siE=','2024-05-02 07:48:22.902850',0,'Prasanna','Dittakavi','prasannadittakavi@gmail.com',0,1,'2024-05-02 05:11:52.184961','Prasanna Lakshmi');
CREATE TABLE IF NOT EXISTS "django_session" ("session_key" varchar(40) NOT NULL PRIMARY KEY, "session_data" text NOT NULL, "expire_date" datetime NOT NULL);
INSERT INTO django_session VALUES('vlt2whxc4wrtreyijugt814dupmz1cj0','.eJxVjEEOwiAQRe_C2hBoGQou3XsGMjOAVA0kpV0Z765NutDtf-_9lwi4rSVsPS1hjuIstDj9boT8SHUH8Y711iS3ui4zyV2RB-3y2mJ6Xg7376BgL9-aQaNVCcY8DuAsK-8hWsPam8kpMjA48sQODKLNOhEqsFFnP7nMRE68P8ZgN7A:1rvTrR:Ac_kG8E-0HmLe0rGeVF-2NugyZCKun0WhW5actOyCVc','2024-04-27 03:15:25.579356');
INSERT INTO django_session VALUES('3y6ve3y7sgfy94u7g7xmsjfwmyrpoe2g','.eJxVjEEOwiAQRe_C2hBoGQou3XsGMjOAVA0kpV0Z765NutDtf-_9lwi4rSVsPS1hjuIstDj9boT8SHUH8Y711iS3ui4zyV2RB-3y2mJ6Xg7376BgL9-aQaNVCcY8DuAsK-8hWsPam8kpMjA48sQODKLNOhEqsFFnP7nMRE68P8ZgN7A:1s05jK:DXZOzukIz5aKQ9Sdk8daNPEp3GnRWISVWFUoCXlQKxc','2024-05-09 20:30:06.113762');
INSERT INTO django_session VALUES('n9p100z574sw0o9cl84scs2whrs36zjp','.eJxVjc0OwiAQhN-FszZl6VLw6N1nIAu7Wn9STGmjifHdReNBrzPzffNQgZZ5CEuRKRxZbVSnVr9ZpHSW8V3wicZDblIe5-kYm_ek-bal2WWWy_a7_RMMVIZKa_G9AUMsbLREwlRZ79ChTmxbrZkII6NjayP0vjNo9gQC-w4q-pFeqZRbnjhMUmQOc65vVZ0sL6f7ugUWwJ7BJgLndd9idAbbTixY8qieL2r_TKM:1s2OKG:Ng0JSTqMOo1-G6X0u1lRWzA2pvCwaL7DxHg9AIPyW1g','2024-05-16 04:45:44.387186');
INSERT INTO django_session VALUES('wc4afkf5gtvyzvg37vk01d73cjqftgn9','.eJxVjDsOwyAQRO9CHaHlZ3DK9D4DWmAJTiIsGbuKcvdgyUUy5Zs382Ye9634vdHq58SuzLDLLwsYn1SPIj2w3hcel7qtc-CHws-28WlJ9Lqd7t9BwVb6ehTKIEZKTssehIxusM5BliRBZgUi0BiFoc6SAusGMkDaCmdi0Ip9vtAMNws:1s2RB0:L42ERcoR8mlvFlzgtLIfcHhS56ksgbmkVkIve4zhFOc','2024-05-16 07:48:22.903735');
CREATE TABLE IF NOT EXISTS "BobcatConApp_department" ("id" integer NOT NULL PRIMARY KEY AUTOINCREMENT, "name" varchar(100) NOT NULL);
INSERT INTO BobcatConApp_department VALUES(1,'Computer Science');
INSERT INTO BobcatConApp_department VALUES(2,'Accounting');
INSERT INTO BobcatConApp_department VALUES(3,'Agriculture');
INSERT INTO BobcatConApp_department VALUES(4,'Anthropology');
INSERT INTO BobcatConApp_department VALUES(5,'Aquatic Resources');
INSERT INTO BobcatConApp_department VALUES(6,'Athletic Training');
INSERT INTO BobcatConApp_department VALUES(7,'Biochemistry');
INSERT INTO BobcatConApp_department VALUES(8,'Biology');
INSERT INTO BobcatConApp_department VALUES(9,'Business Administration (M.B.A.)');
INSERT INTO BobcatConApp_department VALUES(10,'Chemistry (M.A./M.S.)');
INSERT INTO BobcatConApp_department VALUES(11,'Communication Design');
INSERT INTO BobcatConApp_department VALUES(12,'Communication Studies');
INSERT INTO BobcatConApp_department VALUES(13,'Computer Science');
INSERT INTO BobcatConApp_department VALUES(14,'Construction Management');
INSERT INTO BobcatConApp_department VALUES(15,'Criminal Justice');
INSERT INTO BobcatConApp_department VALUES(16,'Data Analytics and Information Systems');
INSERT INTO BobcatConApp_department VALUES(17,'Developmental Education');
INSERT INTO BobcatConApp_department VALUES(18,'Engineering Management');
INSERT INTO BobcatConApp_department VALUES(19,'Geographic Education');
INSERT INTO BobcatConApp_department VALUES(20,'Geography');
INSERT INTO BobcatConApp_department VALUES(21,'Health Information Management');
INSERT INTO BobcatConApp_department VALUES(22,'History');
INSERT INTO BobcatConApp_department VALUES(23,'Human Development and Family Sciences');
INSERT INTO BobcatConApp_department VALUES(24,'Intelligence Analysis');
INSERT INTO BobcatConApp_department VALUES(25,'Interdisciplinary Studies');
INSERT INTO BobcatConApp_department VALUES(26,'International Studies');
INSERT INTO BobcatConApp_department VALUES(27,'Legal Studies');
INSERT INTO BobcatConApp_department VALUES(28,'Literature');
INSERT INTO BobcatConApp_department VALUES(29,'Marketing Research and Analysis');
INSERT INTO BobcatConApp_department VALUES(30,'Mass Communication');
INSERT INTO BobcatConApp_department VALUES(31,'Materials Science, Engineering, and Commercialization');
INSERT INTO BobcatConApp_department VALUES(32,'Mathematics');
INSERT INTO BobcatConApp_department VALUES(33,'Music');
INSERT INTO BobcatConApp_department VALUES(34,'Natural Resources & Environmental Studies');
INSERT INTO BobcatConApp_department VALUES(35,'Nursing');
INSERT INTO BobcatConApp_department VALUES(36,'Nutrition');
INSERT INTO BobcatConApp_department VALUES(37,'Philosophy');
INSERT INTO BobcatConApp_department VALUES(38,'Physical Therapy');
INSERT INTO BobcatConApp_department VALUES(39,'Physics');
INSERT INTO BobcatConApp_department VALUES(40,'Political Science');
INSERT INTO BobcatConApp_department VALUES(41,'Psychological Research');
INSERT INTO BobcatConApp_department VALUES(42,'Public Administration');
INSERT INTO BobcatConApp_department VALUES(43,'School Psychology');
INSERT INTO BobcatConApp_department VALUES(44,'Sociology');
INSERT INTO BobcatConApp_department VALUES(45,'Spanish');
INSERT INTO BobcatConApp_department VALUES(46,'Technical Communication');
INSERT INTO BobcatConApp_department VALUES(47,'Theatre');
INSERT INTO BobcatConApp_department VALUES(48,'Wildlife Ecology');
CREATE TABLE IF NOT EXISTS "BobcatConApp_student" ("id" integer NOT NULL PRIMARY KEY AUTOINCREMENT, "name" varchar(100) NOT NULL, "email" varchar(254) NOT NULL, "student_id" varchar(10) NOT NULL, "department_id" bigint NOT NULL REFERENCES "BobcatConApp_department" ("id") DEFERRABLE INITIALLY DEFERRED);
INSERT INTO BobcatConApp_student VALUES(1,'Akshitha Addagatla','aa@txstate.edu','CS001',1);
INSERT INTO BobcatConApp_student VALUES(2,'Gaurav Adhikari','ga@txstate.edu','CS002',1);
INSERT INTO BobcatConApp_student VALUES(3,'Teja Sri Surya Ambati','ts@txstate.edu','CS003',1);
INSERT INTO BobcatConApp_student VALUES(4,'Dileep Reddy Basireddy','dr@txstate.edu','CS004',1);
INSERT INTO BobcatConApp_student VALUES(5,'Sai Hanwith Bellamkonda','sh@txstate.edu','CS005',1);
INSERT INTO BobcatConApp_student VALUES(6,'Ajay Bethireddy','ab@txstate.edu','CS006',1);
INSERT INTO BobcatConApp_student VALUES(7,'Jaya Sravani Kuruvella','yxv11@txstate.edu','CS007',1);
INSERT INTO BobcatConApp_student VALUES(8,'Garret Harris Faber','gh@txstate.du','CS008',1);
INSERT INTO BobcatConApp_student VALUES(9,'Prasanna Lakshmi Dittakavi','pl@txstate.edu','CS009',1);
INSERT INTO BobcatConApp_student VALUES(10,'Yuanyuan Zhu','yz@txstate.du','CS010',1);
CREATE TABLE IF NOT EXISTS "BobcatConApp_faculty" ("id" integer NOT NULL PRIMARY KEY AUTOINCREMENT, "name" varchar(100) NOT NULL, "email" varchar(254) NOT NULL, "faculty_id" varchar(10) NOT NULL, "department_id" bigint NOT NULL REFERENCES "BobcatConApp_department" ("id") DEFERRABLE INITIALLY DEFERRED);
INSERT INTO BobcatConApp_faculty VALUES(1,'Dr. Hongchi Shi','hs15@txstate.edu','CS001',1);
INSERT INTO BobcatConApp_faculty VALUES(2,'Dr. Moonis Ali','ma04@txstate.edu','CS002',1);
INSERT INTO BobcatConApp_faculty VALUES(3,'Dr. Martin Burtscher','burtscher@txstate.edu','CS003',1);
INSERT INTO BobcatConApp_faculty VALUES(4,'Dr. Xiao Chen','xc10@txstate.edu','CS004',1);
INSERT INTO BobcatConApp_faculty VALUES(5,'Dr. Byron Gao','bgao@txstate.edu','CS005',1);
INSERT INTO BobcatConApp_faculty VALUES(6,'Dr. C Jinshong Hwang','cjhwang@txstate.edu','CS006',1);
INSERT INTO BobcatConApp_faculty VALUES(7,'Dr. Tanzima Islam','tanzima@txstate.edu','CS007',1);
INSERT INTO BobcatConApp_faculty VALUES(8,'Dr. Vangelis Metsis','vmetsis@txstate.edu','CS008',1);
INSERT INTO BobcatConApp_faculty VALUES(9,'Dr. Wuxu Peng','wuxu@txstate.edu','CS009',1);
INSERT INTO BobcatConApp_faculty VALUES(10,'Dr. Apan Qasem','apan@txstate.edu','CS010',1);
CREATE TABLE IF NOT EXISTS "BobcatConApp_roommate" ("id" integer NOT NULL PRIMARY KEY AUTOINCREMENT, "name" varchar(100) NOT NULL, "email" varchar(254) NOT NULL, "move_in_date" date NOT NULL, "gender" varchar(10) NOT NULL, "price" decimal NOT NULL);
INSERT INTO BobcatConApp_roommate VALUES(1,'Jaya Sravani Kuruvella','yxv11@txstate.edu','2024-04-30','Female',200);
INSERT INTO BobcatConApp_roommate VALUES(2,'Garret Harris Faber','gh@txstate.du','2024-04-20','Male',300);
INSERT INTO BobcatConApp_roommate VALUES(3,'Prasanna Lakshmi Dittakavi','pl@txstate.edu','2024-04-07','Female',250);
INSERT INTO BobcatConApp_roommate VALUES(4,'Yuanyuan Zhu','yz@txstate.du','2024-04-14','Female',280);
INSERT INTO BobcatConApp_roommate VALUES(5,'Akshitha Addagatla','aa@txstate.edu','2024-04-21','Female',400);
INSERT INTO BobcatConApp_roommate VALUES(6,'Ajay Bethireddy','ab@txstate.edu','2024-04-16','Male',300);
CREATE TABLE IF NOT EXISTS "BobcatConApp_textbook" (
    "id" integer NOT NULL PRIMARY KEY AUTOINCREMENT,
    "title" varchar(200) NOT NULL,
    "author" varchar(100) NOT NULL
, "image_url" varchar(100) NULL, "price" decimal NULL);
INSERT INTO BobcatConApp_textbook VALUES(1,'Deep Learning: Foundations and Concepts','Christopher M. Bishop, Hugh Bishop','1.jpg',24);
INSERT INTO BobcatConApp_textbook VALUES(2,'Learn Python Programming, 3rd edition: An in-depth introduction to the fundamentals of Python, Third Edition','Fabrizio Romano, Heinrich Kruger','2.jpg',22);
INSERT INTO BobcatConApp_textbook VALUES(3,'Machine Learning for Beginners: An Introduction to Artificial Intelligence and Machine Learning','John Slavio','3.jpg',33);
INSERT INTO BobcatConApp_textbook VALUES(4,'Computer Science Principles: The Foundational Concepts of Computer Science','Kevin Hare','4.jpg',10);
INSERT INTO BobcatConApp_textbook VALUES(5,'Software Requirements Specifications: A How To Guide for Project Staff','David Tuffley','5.jpg',36);
INSERT INTO BobcatConApp_textbook VALUES(6,'Basic Physics: A Self-Teaching Guide, 3rd Edition','Karl F. Kuhn, Frank Noschese','6.jpg',27);
INSERT INTO BobcatConApp_textbook VALUES(7,'Chemistry: Concepts and Problems, A Self-Teaching Guide, 3rd Edition','Richard Post, Chad Snyder, Clifford C. Houk','7.jpg',13);
INSERT INTO BobcatConApp_textbook VALUES(8,'Biology: A Self-Teaching Guide, 3rd Edition: A Self-Teaching Guide','Steven D. Garber','8.jpg',49);
INSERT INTO BobcatConApp_textbook VALUES(9,'Advanced Math ACT: A Must Have if Going for 30+','Joseph Hammerman','9.jpg',49);
INSERT INTO BobcatConApp_textbook VALUES(10,'The History of the Ancient World: From the Earliest Accounts to the Fall of Rome','Susan Wise Bauer','10.jpg',37);
CREATE TABLE IF NOT EXISTS "BobcatConApp_creditcards" ("id" integer NOT NULL PRIMARY KEY AUTOINCREMENT, "name" text NOT NULL, "cardnumber" text NOT NULL, "expiry" text NOT NULL, "cvv" integer NOT NULL, "limitremaining" real NOT NULL);
INSERT INTO BobcatConApp_creditcards VALUES(1,'John Doe','1234567812345678','2024-12',123,4753.0);
INSERT INTO BobcatConApp_creditcards VALUES(2,'Alice Smith','8765432187654321','2025-11',321,7500.0);
INSERT INTO BobcatConApp_creditcards VALUES(3,'Bob Johnson','4567123485612345','2023-10',456,6200.0);
INSERT INTO BobcatConApp_creditcards VALUES(4,'Emma Wilson','2345678923456789','2026-01',234,3000.0);
INSERT INTO BobcatConApp_creditcards VALUES(5,'Noah Miller','5678904567890456','2024-08',567,4500.0);
INSERT INTO BobcatConApp_creditcards VALUES(6,'Olivia Brown','7890123478901234','2025-05',890,5000.0);
INSERT INTO BobcatConApp_creditcards VALUES(7,'James Davis','9012345690123456','2027-07',123,5500.0);
INSERT INTO BobcatConApp_creditcards VALUES(8,'Isabella Garcia','1234098712340987','2023-12',678,3500.0);
CREATE TABLE IF NOT EXISTS "BobcatConApp_loginperson" ("userID_id" integer NOT NULL PRIMARY KEY REFERENCES "auth_user" ("id") DEFERRABLE INITIALLY DEFERRED, "address" varchar(255) NOT NULL, "city" varchar(100) NOT NULL, "state" varchar(100) NOT NULL, "zipCode" varchar(100) NOT NULL);
INSERT INTO BobcatConApp_loginperson VALUES(4,'108 Foxroll cove','San Marcos','Texas','78634');
INSERT INTO BobcatConApp_loginperson VALUES(5,'8214 Menlo Park Pl','Round Rock','Texas','78681');
CREATE TABLE IF NOT EXISTS "BobcatConApp_mealplanpurchasehistory" ("id" integer NOT NULL PRIMARY KEY AUTOINCREMENT, "meal_plan_name" varchar(100) NOT NULL, "purchase_date" datetime NOT NULL, "price" real NOT NULL, "user_id" integer NOT NULL REFERENCES "auth_user" ("id") DEFERRABLE INITIALLY DEFERRED);
CREATE TABLE IF NOT EXISTS "BobcatConApp_textbookpurchasehistory" ("id" integer NOT NULL PRIMARY KEY AUTOINCREMENT, "quantity" integer NOT NULL, "purchase_date" datetime NOT NULL, "total_price" real NOT NULL, "textbook_id" bigint NOT NULL REFERENCES "BobcatConApp_textbook" ("id") DEFERRABLE INITIALLY DEFERRED, "user_id" integer NOT NULL REFERENCES "auth_user" ("id") DEFERRABLE INITIALLY DEFERRED);
DELETE FROM sqlite_sequence;
INSERT INTO sqlite_sequence VALUES('django_migrations',25);
INSERT INTO sqlite_sequence VALUES('django_admin_log',84);
INSERT INTO sqlite_sequence VALUES('django_content_type',16);
INSERT INTO sqlite_sequence VALUES('auth_permission',64);
INSERT INTO sqlite_sequence VALUES('auth_group',0);
INSERT INTO sqlite_sequence VALUES('auth_user',5);
INSERT INTO sqlite_sequence VALUES('BobcatConApp_department',48);
INSERT INTO sqlite_sequence VALUES('BobcatConApp_faculty',10);
INSERT INTO sqlite_sequence VALUES('BobcatConApp_student',10);
INSERT INTO sqlite_sequence VALUES('BobcatConApp_roommate',6);
INSERT INTO sqlite_sequence VALUES('BobcatConApp_textbook',10);
INSERT INTO sqlite_sequence VALUES('BobcatConApp_creditcards',8);
INSERT INTO sqlite_sequence VALUES('BobcatConApp_mealplanpurchasehistory',5);
INSERT INTO sqlite_sequence VALUES('BobcatConApp_textbookpurchasehistory',31);
CREATE UNIQUE INDEX "auth_group_permissions_group_id_permission_id_0cd325b0_uniq" ON "auth_group_permissions" ("group_id", "permission_id");
CREATE INDEX "auth_group_permissions_group_id_b120cbf9" ON "auth_group_permissions" ("group_id");
CREATE INDEX "auth_group_permissions_permission_id_84c5c92e" ON "auth_group_permissions" ("permission_id");
CREATE UNIQUE INDEX "auth_user_groups_user_id_group_id_94350c0c_uniq" ON "auth_user_groups" ("user_id", "group_id");
CREATE INDEX "auth_user_groups_user_id_6a12ed8b" ON "auth_user_groups" ("user_id");
CREATE INDEX "auth_user_groups_group_id_97559544" ON "auth_user_groups" ("group_id");
CREATE UNIQUE INDEX "auth_user_user_permissions_user_id_permission_id_14a6b632_uniq" ON "auth_user_user_permissions" ("user_id", "permission_id");
CREATE INDEX "auth_user_user_permissions_user_id_a95ead1b" ON "auth_user_user_permissions" ("user_id");
CREATE INDEX "auth_user_user_permissions_permission_id_1fbb5f2c" ON "auth_user_user_permissions" ("permission_id");
CREATE INDEX "django_admin_log_content_type_id_c4bce8eb" ON "django_admin_log" ("content_type_id");
CREATE INDEX "django_admin_log_user_id_c564eba6" ON "django_admin_log" ("user_id");
CREATE UNIQUE INDEX "django_content_type_app_label_model_76bd3d3b_uniq" ON "django_content_type" ("app_label", "model");
CREATE UNIQUE INDEX "auth_permission_content_type_id_codename_01ab375a_uniq" ON "auth_permission" ("content_type_id", "codename");
CREATE INDEX "auth_permission_content_type_id_2f476e4b" ON "auth_permission" ("content_type_id");
CREATE INDEX "django_session_expire_date_a5c62663" ON "django_session" ("expire_date");
CREATE INDEX "BobcatConApp_student_department_id_b6a262f9" ON "BobcatConApp_student" ("department_id");
CREATE INDEX "BobcatConApp_faculty_department_id_214c3e04" ON "BobcatConApp_faculty" ("department_id");
CREATE INDEX "BobcatConApp_mealplanpurchasehistory_user_id_f66bb754" ON "BobcatConApp_mealplanpurchasehistory" ("user_id");
CREATE INDEX "BobcatConApp_textbookpurchasehistory_textbook_id_dbe98a72" ON "BobcatConApp_textbookpurchasehistory" ("textbook_id");
CREATE INDEX "BobcatConApp_textbookpurchasehistory_user_id_5dd5a40a" ON "BobcatConApp_textbookpurchasehistory" ("user_id");
COMMIT;
